--
-- PostgreSQL database dump
--

-- Dumped from database version 16.3
-- Dumped by pg_dump version 16.4

-- Started on 2024-09-07 23:43:56

SET statement_timeout = 0;
SET lock_timeout = 0;
SET idle_in_transaction_session_timeout = 0;
SET client_encoding = 'UTF8';
SET standard_conforming_strings = on;
SELECT pg_catalog.set_config('search_path', '', false);
SET check_function_bodies = false;
SET xmloption = content;
SET client_min_messages = warning;
SET row_security = off;

--
-- TOC entry 4406 (class 1262 OID 16411)
-- Name: ebdb; Type: DATABASE; Schema: -; Owner: ebroot
--

CREATE DATABASE ebdb WITH TEMPLATE = template0 ENCODING = 'UTF8' LOCALE_PROVIDER = libc LOCALE = 'en_US.UTF-8';


ALTER DATABASE ebdb OWNER TO ebroot;

\connect ebdb

SET statement_timeout = 0;
SET lock_timeout = 0;
SET idle_in_transaction_session_timeout = 0;
SET client_encoding = 'UTF8';
SET standard_conforming_strings = on;
SELECT pg_catalog.set_config('search_path', '', false);
SET check_function_bodies = false;
SET xmloption = content;
SET client_min_messages = warning;
SET row_security = off;

--
-- TOC entry 4 (class 2615 OID 2200)
-- Name: public; Type: SCHEMA; Schema: -; Owner: pg_database_owner
--

CREATE SCHEMA public;


ALTER SCHEMA public OWNER TO pg_database_owner;

--
-- TOC entry 4407 (class 0 OID 0)
-- Dependencies: 4
-- Name: SCHEMA public; Type: COMMENT; Schema: -; Owner: pg_database_owner
--

COMMENT ON SCHEMA public IS 'standard public schema';


SET default_tablespace = '';

SET default_table_access_method = heap;

--
-- TOC entry 228 (class 1259 OID 16654)
-- Name: caracteristica; Type: TABLE; Schema: public; Owner: ebroot
--

CREATE TABLE public.caracteristica (
    id_caracteristica integer NOT NULL,
    descripcion character varying(255) NOT NULL,
    nombre character varying(50) NOT NULL,
    id_servicio integer
);


ALTER TABLE public.caracteristica OWNER TO ebroot;

--
-- TOC entry 227 (class 1259 OID 16653)
-- Name: caracteristica_id_caracteristica_seq; Type: SEQUENCE; Schema: public; Owner: ebroot
--

ALTER TABLE public.caracteristica ALTER COLUMN id_caracteristica ADD GENERATED BY DEFAULT AS IDENTITY (
    SEQUENCE NAME public.caracteristica_id_caracteristica_seq
    START WITH 1
    INCREMENT BY 1
    NO MINVALUE
    NO MAXVALUE
    CACHE 1
);


--
-- TOC entry 232 (class 1259 OID 16666)
-- Name: catalogo; Type: TABLE; Schema: public; Owner: ebroot
--

CREATE TABLE public.catalogo (
    id_catalogo integer NOT NULL,
    nombre character varying(255) NOT NULL,
    id_empresa integer
);


ALTER TABLE public.catalogo OWNER TO ebroot;

--
-- TOC entry 231 (class 1259 OID 16665)
-- Name: catalogo_id_catalogo_seq; Type: SEQUENCE; Schema: public; Owner: ebroot
--

ALTER TABLE public.catalogo ALTER COLUMN id_catalogo ADD GENERATED BY DEFAULT AS IDENTITY (
    SEQUENCE NAME public.catalogo_id_catalogo_seq
    START WITH 1
    INCREMENT BY 1
    NO MINVALUE
    NO MAXVALUE
    CACHE 1
);


--
-- TOC entry 216 (class 1259 OID 16547)
-- Name: categorias; Type: TABLE; Schema: public; Owner: ebroot
--

CREATE TABLE public.categorias (
    id_categoria integer NOT NULL,
    descripcion character varying(255) NOT NULL,
    estado boolean NOT NULL
);


ALTER TABLE public.categorias OWNER TO ebroot;

--
-- TOC entry 215 (class 1259 OID 16546)
-- Name: categorias_id_categoria_seq; Type: SEQUENCE; Schema: public; Owner: ebroot
--

CREATE SEQUENCE public.categorias_id_categoria_seq
    AS integer
    START WITH 1
    INCREMENT BY 1
    NO MINVALUE
    NO MAXVALUE
    CACHE 1;


ALTER SEQUENCE public.categorias_id_categoria_seq OWNER TO ebroot;

--
-- TOC entry 4408 (class 0 OID 0)
-- Dependencies: 215
-- Name: categorias_id_categoria_seq; Type: SEQUENCE OWNED BY; Schema: public; Owner: ebroot
--

ALTER SEQUENCE public.categorias_id_categoria_seq OWNED BY public.categorias.id_categoria;


--
-- TOC entry 219 (class 1259 OID 16565)
-- Name: clientes; Type: TABLE; Schema: public; Owner: ebroot
--

CREATE TABLE public.clientes (
    id character varying(255) NOT NULL,
    nombre character varying(255),
    apellidos character varying(255),
    celular double precision,
    direccion character varying(255),
    correo_electronico character varying(255)
);


ALTER TABLE public.clientes OWNER TO ebroot;

--
-- TOC entry 230 (class 1259 OID 16660)
-- Name: componente; Type: TABLE; Schema: public; Owner: ebroot
--

CREATE TABLE public.componente (
    id_componente integer NOT NULL,
    descripcion character varying(255) NOT NULL,
    nombre character varying(50) NOT NULL,
    precio double precision NOT NULL,
    id_servicio integer
);


ALTER TABLE public.componente OWNER TO ebroot;

--
-- TOC entry 229 (class 1259 OID 16659)
-- Name: componente_id_componente_seq; Type: SEQUENCE; Schema: public; Owner: ebroot
--

ALTER TABLE public.componente ALTER COLUMN id_componente ADD GENERATED BY DEFAULT AS IDENTITY (
    SEQUENCE NAME public.componente_id_componente_seq
    START WITH 1
    INCREMENT BY 1
    NO MINVALUE
    NO MAXVALUE
    CACHE 1
);


--
-- TOC entry 221 (class 1259 OID 16573)
-- Name: compras; Type: TABLE; Schema: public; Owner: ebroot
--

CREATE TABLE public.compras (
    id_compra integer NOT NULL,
    id_cliente character varying(255) NOT NULL,
    fecha timestamp without time zone,
    medio_pago character varying(1),
    comentario character varying(255),
    estado character varying(1)
);


ALTER TABLE public.compras OWNER TO ebroot;

--
-- TOC entry 220 (class 1259 OID 16572)
-- Name: compras_id_compra_seq; Type: SEQUENCE; Schema: public; Owner: ebroot
--

CREATE SEQUENCE public.compras_id_compra_seq
    AS integer
    START WITH 1
    INCREMENT BY 1
    NO MINVALUE
    NO MAXVALUE
    CACHE 1;


ALTER SEQUENCE public.compras_id_compra_seq OWNER TO ebroot;

--
-- TOC entry 4409 (class 0 OID 0)
-- Dependencies: 220
-- Name: compras_id_compra_seq; Type: SEQUENCE OWNED BY; Schema: public; Owner: ebroot
--

ALTER SEQUENCE public.compras_id_compra_seq OWNED BY public.compras.id_compra;


--
-- TOC entry 222 (class 1259 OID 16584)
-- Name: compras_productos; Type: TABLE; Schema: public; Owner: ebroot
--

CREATE TABLE public.compras_productos (
    id_compra integer NOT NULL,
    id_producto integer NOT NULL,
    cantidad integer,
    total numeric(38,2),
    estado boolean
);


ALTER TABLE public.compras_productos OWNER TO ebroot;

--
-- TOC entry 224 (class 1259 OID 16637)
-- Name: cotizacion; Type: TABLE; Schema: public; Owner: ebroot
--

CREATE TABLE public.cotizacion (
    id_cotizacion integer NOT NULL,
    estado character varying(255) NOT NULL,
    fecha_creacion timestamp without time zone DEFAULT CURRENT_TIMESTAMP NOT NULL,
    id_usuario character varying(15) NOT NULL,
    notas character varying(255),
    precio_total double precision NOT NULL,
    id_catalogo integer,
    id_servicio integer
);


ALTER TABLE public.cotizacion OWNER TO ebroot;

--
-- TOC entry 223 (class 1259 OID 16636)
-- Name: cotizacion_id_cotizacion_seq; Type: SEQUENCE; Schema: public; Owner: ebroot
--

ALTER TABLE public.cotizacion ALTER COLUMN id_cotizacion ADD GENERATED BY DEFAULT AS IDENTITY (
    SEQUENCE NAME public.cotizacion_id_cotizacion_seq
    START WITH 1
    INCREMENT BY 1
    NO MINVALUE
    NO MAXVALUE
    CACHE 1
);


--
-- TOC entry 234 (class 1259 OID 16682)
-- Name: empresa; Type: TABLE; Schema: public; Owner: ebroot
--

CREATE TABLE public.empresa (
    id_empresa integer NOT NULL,
    descripcion character varying(255) NOT NULL,
    estado boolean NOT NULL,
    nombre character varying(255) NOT NULL
);


ALTER TABLE public.empresa OWNER TO ebroot;

--
-- TOC entry 233 (class 1259 OID 16681)
-- Name: empresa_id_empresa_seq; Type: SEQUENCE; Schema: public; Owner: ebroot
--

ALTER TABLE public.empresa ALTER COLUMN id_empresa ADD GENERATED BY DEFAULT AS IDENTITY (
    SEQUENCE NAME public.empresa_id_empresa_seq
    START WITH 1
    INCREMENT BY 1
    NO MINVALUE
    NO MAXVALUE
    CACHE 1
);


--
-- TOC entry 218 (class 1259 OID 16554)
-- Name: productos; Type: TABLE; Schema: public; Owner: ebroot
--

CREATE TABLE public.productos (
    id_producto integer NOT NULL,
    nombre character varying(255),
    id_categoria integer NOT NULL,
    codigo_barras character varying(255),
    precio_venta numeric(38,2),
    cantidad_stock integer NOT NULL,
    estado boolean
);


ALTER TABLE public.productos OWNER TO ebroot;

--
-- TOC entry 217 (class 1259 OID 16553)
-- Name: productos_id_producto_seq; Type: SEQUENCE; Schema: public; Owner: ebroot
--

CREATE SEQUENCE public.productos_id_producto_seq
    AS integer
    START WITH 1
    INCREMENT BY 1
    NO MINVALUE
    NO MAXVALUE
    CACHE 1;


ALTER SEQUENCE public.productos_id_producto_seq OWNER TO ebroot;

--
-- TOC entry 4410 (class 0 OID 0)
-- Dependencies: 217
-- Name: productos_id_producto_seq; Type: SEQUENCE OWNED BY; Schema: public; Owner: ebroot
--

ALTER SEQUENCE public.productos_id_producto_seq OWNED BY public.productos.id_producto;


--
-- TOC entry 226 (class 1259 OID 16643)
-- Name: servicio; Type: TABLE; Schema: public; Owner: ebroot
--

CREATE TABLE public.servicio (
    id_cotizacion integer NOT NULL,
    descripcion character varying(150) NOT NULL,
    nombre_servicio character varying(30) NOT NULL,
    visible boolean NOT NULL,
    id_servicio integer NOT NULL,
    id_empresa integer NOT NULL
);


ALTER TABLE public.servicio OWNER TO ebroot;

--
-- TOC entry 225 (class 1259 OID 16642)
-- Name: servicio_id_cotizacion_seq; Type: SEQUENCE; Schema: public; Owner: ebroot
--

ALTER TABLE public.servicio ALTER COLUMN id_cotizacion ADD GENERATED BY DEFAULT AS IDENTITY (
    SEQUENCE NAME public.servicio_id_cotizacion_seq
    START WITH 1
    INCREMENT BY 1
    NO MINVALUE
    NO MAXVALUE
    CACHE 1
);


--
-- TOC entry 235 (class 1259 OID 16689)
-- Name: servicio_id_servicio_seq; Type: SEQUENCE; Schema: public; Owner: ebroot
--

ALTER TABLE public.servicio ALTER COLUMN id_servicio ADD GENERATED BY DEFAULT AS IDENTITY (
    SEQUENCE NAME public.servicio_id_servicio_seq
    START WITH 1
    INCREMENT BY 1
    NO MINVALUE
    NO MAXVALUE
    CACHE 1
);


--
-- TOC entry 237 (class 1259 OID 16696)
-- Name: usuario; Type: TABLE; Schema: public; Owner: ebroot
--

CREATE TABLE public.usuario (
    id_usuario integer NOT NULL,
    id_empresa integer NOT NULL
);


ALTER TABLE public.usuario OWNER TO ebroot;

--
-- TOC entry 236 (class 1259 OID 16695)
-- Name: usuario_id_usuario_seq; Type: SEQUENCE; Schema: public; Owner: ebroot
--

ALTER TABLE public.usuario ALTER COLUMN id_usuario ADD GENERATED BY DEFAULT AS IDENTITY (
    SEQUENCE NAME public.usuario_id_usuario_seq
    START WITH 1
    INCREMENT BY 1
    NO MINVALUE
    NO MAXVALUE
    CACHE 1
);


--
-- TOC entry 4194 (class 2604 OID 16550)
-- Name: categorias id_categoria; Type: DEFAULT; Schema: public; Owner: ebroot
--

ALTER TABLE ONLY public.categorias ALTER COLUMN id_categoria SET DEFAULT nextval('public.categorias_id_categoria_seq'::regclass);


--
-- TOC entry 4196 (class 2604 OID 16576)
-- Name: compras id_compra; Type: DEFAULT; Schema: public; Owner: ebroot
--

ALTER TABLE ONLY public.compras ALTER COLUMN id_compra SET DEFAULT nextval('public.compras_id_compra_seq'::regclass);


--
-- TOC entry 4195 (class 2604 OID 16557)
-- Name: productos id_producto; Type: DEFAULT; Schema: public; Owner: ebroot
--

ALTER TABLE ONLY public.productos ALTER COLUMN id_producto SET DEFAULT nextval('public.productos_id_producto_seq'::regclass);


--
-- TOC entry 4391 (class 0 OID 16654)
-- Dependencies: 228
-- Data for Name: caracteristica; Type: TABLE DATA; Schema: public; Owner: ebroot
--



--
-- TOC entry 4395 (class 0 OID 16666)
-- Dependencies: 232
-- Data for Name: catalogo; Type: TABLE DATA; Schema: public; Owner: ebroot
--



--
-- TOC entry 4379 (class 0 OID 16547)
-- Dependencies: 216
-- Data for Name: categorias; Type: TABLE DATA; Schema: public; Owner: ebroot
--

INSERT INTO public.categorias (id_categoria, descripcion, estado) VALUES (1, 'Frutas y verduras', true);
INSERT INTO public.categorias (id_categoria, descripcion, estado) VALUES (2, 'Pastelería', true);
INSERT INTO public.categorias (id_categoria, descripcion, estado) VALUES (3, 'Carnes y pescados', true);
INSERT INTO public.categorias (id_categoria, descripcion, estado) VALUES (4, 'Lácteos y huevos', true);
INSERT INTO public.categorias (id_categoria, descripcion, estado) VALUES (5, 'Bebidas', true);
INSERT INTO public.categorias (id_categoria, descripcion, estado) VALUES (6, 'Licores', true);
INSERT INTO public.categorias (id_categoria, descripcion, estado) VALUES (7, 'Cuidado personal', true);
INSERT INTO public.categorias (id_categoria, descripcion, estado) VALUES (8, 'Despensa', true);


--
-- TOC entry 4382 (class 0 OID 16565)
-- Dependencies: 219
-- Data for Name: clientes; Type: TABLE DATA; Schema: public; Owner: ebroot
--

INSERT INTO public.clientes (id, nombre, apellidos, celular, direccion, correo_electronico) VALUES ('4546221', 'Johannes', 'Kepler', 3104583224, 'Cl 3 # 33 - 33', 'kepler@me.com');
INSERT INTO public.clientes (id, nombre, apellidos, celular, direccion, correo_electronico) VALUES ('2552243', 'Galileo', 'Galilei', 3462257293, 'Cl 1 # 11 - 11', 'gali@leo.com');
INSERT INTO public.clientes (id, nombre, apellidos, celular, direccion, correo_electronico) VALUES ('983824', 'Nicolás', 'Copernico', 3019392466, 'Cl 2 # 22 - 22', 'nico@cope.com');


--
-- TOC entry 4393 (class 0 OID 16660)
-- Dependencies: 230
-- Data for Name: componente; Type: TABLE DATA; Schema: public; Owner: ebroot
--



--
-- TOC entry 4384 (class 0 OID 16573)
-- Dependencies: 221
-- Data for Name: compras; Type: TABLE DATA; Schema: public; Owner: ebroot
--

INSERT INTO public.compras (id_compra, id_cliente, fecha, medio_pago, comentario, estado) VALUES (1, '4546221', '1992-08-10 17:30:00', 'E', '', 'P');


--
-- TOC entry 4385 (class 0 OID 16584)
-- Dependencies: 222
-- Data for Name: compras_productos; Type: TABLE DATA; Schema: public; Owner: ebroot
--

INSERT INTO public.compras_productos (id_compra, id_producto, cantidad, total, estado) VALUES (1, 1, 10, 3000.00, true);
INSERT INTO public.compras_productos (id_compra, id_producto, cantidad, total, estado) VALUES (1, 36, 1, 40000.00, true);
INSERT INTO public.compras_productos (id_compra, id_producto, cantidad, total, estado) VALUES (1, 27, 1, 9000.00, true);
INSERT INTO public.compras_productos (id_compra, id_producto, cantidad, total, estado) VALUES (1, 49, 2, 16400.00, true);
INSERT INTO public.compras_productos (id_compra, id_producto, cantidad, total, estado) VALUES (1, 24, 1, 4000.00, true);


--
-- TOC entry 4387 (class 0 OID 16637)
-- Dependencies: 224
-- Data for Name: cotizacion; Type: TABLE DATA; Schema: public; Owner: ebroot
--



--
-- TOC entry 4397 (class 0 OID 16682)
-- Dependencies: 234
-- Data for Name: empresa; Type: TABLE DATA; Schema: public; Owner: ebroot
--



--
-- TOC entry 4381 (class 0 OID 16554)
-- Dependencies: 218
-- Data for Name: productos; Type: TABLE DATA; Schema: public; Owner: ebroot
--

INSERT INTO public.productos (id_producto, nombre, id_categoria, codigo_barras, precio_venta, cantidad_stock, estado) VALUES (1, 'Guayaba Feijoa', 1, '7029 A42 23', 300.00, 500, true);
INSERT INTO public.productos (id_producto, nombre, id_categoria, codigo_barras, precio_venta, cantidad_stock, estado) VALUES (2, 'Mango', 1, '0316 R56 01', 2100.00, 250, true);
INSERT INTO public.productos (id_producto, nombre, id_categoria, codigo_barras, precio_venta, cantidad_stock, estado) VALUES (3, 'Manzana', 1, '7923 T23 19', 700.00, 130, true);
INSERT INTO public.productos (id_producto, nombre, id_categoria, codigo_barras, precio_venta, cantidad_stock, estado) VALUES (4, 'Aguacate', 1, '9322 Q33 02', 2500.00, 98, true);
INSERT INTO public.productos (id_producto, nombre, id_categoria, codigo_barras, precio_venta, cantidad_stock, estado) VALUES (5, 'Lechuga', 1, '9742 S22 21', 4000.00, 86, true);
INSERT INTO public.productos (id_producto, nombre, id_categoria, codigo_barras, precio_venta, cantidad_stock, estado) VALUES (6, 'Tomate', 1, '0483 R00 97', 290.00, 430, true);
INSERT INTO public.productos (id_producto, nombre, id_categoria, codigo_barras, precio_venta, cantidad_stock, estado) VALUES (7, 'Pera', 1, '9999 X10 01', 750.00, 210, true);
INSERT INTO public.productos (id_producto, nombre, id_categoria, codigo_barras, precio_venta, cantidad_stock, estado) VALUES (8, 'Apio', 1, '3390 F29 45', 150.00, 115, true);
INSERT INTO public.productos (id_producto, nombre, id_categoria, codigo_barras, precio_venta, cantidad_stock, estado) VALUES (9, 'Papaya', 1, '5291 J34 32', 4500.00, 73, true);
INSERT INTO public.productos (id_producto, nombre, id_categoria, codigo_barras, precio_venta, cantidad_stock, estado) VALUES (10, 'Limón', 1, '7886 N18 32', 350.00, 425, true);
INSERT INTO public.productos (id_producto, nombre, id_categoria, codigo_barras, precio_venta, cantidad_stock, estado) VALUES (11, 'Brownie', 2, '6683 H15 20', 2500.00, 80, true);
INSERT INTO public.productos (id_producto, nombre, id_categoria, codigo_barras, precio_venta, cantidad_stock, estado) VALUES (12, 'Pan tajado', 2, '5745 F05 47', 4500.00, 120, true);
INSERT INTO public.productos (id_producto, nombre, id_categoria, codigo_barras, precio_venta, cantidad_stock, estado) VALUES (13, 'Torta', 2, '3831 D97 99', 10000.00, 35, true);
INSERT INTO public.productos (id_producto, nombre, id_categoria, codigo_barras, precio_venta, cantidad_stock, estado) VALUES (14, 'Tortilla', 2, '4335 Z33 84', 6400.00, 87, true);
INSERT INTO public.productos (id_producto, nombre, id_categoria, codigo_barras, precio_venta, cantidad_stock, estado) VALUES (15, 'Tostadas', 2, '6584 M19 25', 4000.00, 45, true);
INSERT INTO public.productos (id_producto, nombre, id_categoria, codigo_barras, precio_venta, cantidad_stock, estado) VALUES (16, 'Chocorramo', 2, '4487 S00 97', 2000.00, 105, true);
INSERT INTO public.productos (id_producto, nombre, id_categoria, codigo_barras, precio_venta, cantidad_stock, estado) VALUES (17, 'Salmón', 3, '4546 A00 01', 28000.00, 55, true);
INSERT INTO public.productos (id_producto, nombre, id_categoria, codigo_barras, precio_venta, cantidad_stock, estado) VALUES (18, 'Punta de anca', 3, '3678 E57 22', 12000.00, 32, true);
INSERT INTO public.productos (id_producto, nombre, id_categoria, codigo_barras, precio_venta, cantidad_stock, estado) VALUES (19, 'Posta', 3, '8893 O01 03', 7800.00, 40, true);
INSERT INTO public.productos (id_producto, nombre, id_categoria, codigo_barras, precio_venta, cantidad_stock, estado) VALUES (20, 'Costilla de cerdo', 3, '4534 Q12 88', 8600.00, 70, true);
INSERT INTO public.productos (id_producto, nombre, id_categoria, codigo_barras, precio_venta, cantidad_stock, estado) VALUES (21, 'Tilapia', 3, '5684 R53 02', 17000.00, 60, true);
INSERT INTO public.productos (id_producto, nombre, id_categoria, codigo_barras, precio_venta, cantidad_stock, estado) VALUES (22, 'Merluza', 3, '3523 R04 00', 23000.00, 45, true);
INSERT INTO public.productos (id_producto, nombre, id_categoria, codigo_barras, precio_venta, cantidad_stock, estado) VALUES (23, 'Leche de vaca', 4, '2323 T56 33', 2500.00, 500, true);
INSERT INTO public.productos (id_producto, nombre, id_categoria, codigo_barras, precio_venta, cantidad_stock, estado) VALUES (24, 'Queso', 4, '7786 K19 56', 4000.00, 300, true);
INSERT INTO public.productos (id_producto, nombre, id_categoria, codigo_barras, precio_venta, cantidad_stock, estado) VALUES (25, 'Huevos de gallina feliz', 4, '3478 M74 01', 400.00, 1000, true);
INSERT INTO public.productos (id_producto, nombre, id_categoria, codigo_barras, precio_venta, cantidad_stock, estado) VALUES (26, 'Clara de huevo', 4, '7932 R31 46', 3200.00, 200, true);
INSERT INTO public.productos (id_producto, nombre, id_categoria, codigo_barras, precio_venta, cantidad_stock, estado) VALUES (27, 'Suero costeño', 4, '5463 W23 33', 9000.00, 110, true);
INSERT INTO public.productos (id_producto, nombre, id_categoria, codigo_barras, precio_venta, cantidad_stock, estado) VALUES (28, 'Agua', 5, '8965 I32 11', 2000.00, 600, true);
INSERT INTO public.productos (id_producto, nombre, id_categoria, codigo_barras, precio_venta, cantidad_stock, estado) VALUES (29, 'Jugo de naranja', 5, '7445 T87 44', 7400.00, 200, true);
INSERT INTO public.productos (id_producto, nombre, id_categoria, codigo_barras, precio_venta, cantidad_stock, estado) VALUES (30, 'Gaseosa Colombiana', 5, '3434 R34 63', 3100.00, 175, true);
INSERT INTO public.productos (id_producto, nombre, id_categoria, codigo_barras, precio_venta, cantidad_stock, estado) VALUES (31, 'Jugo de Lulo', 5, '9753 W33 19', 8250.00, 630, true);
INSERT INTO public.productos (id_producto, nombre, id_categoria, codigo_barras, precio_venta, cantidad_stock, estado) VALUES (32, 'Tea', 5, '9836 F35 69', 1900.00, 450, true);
INSERT INTO public.productos (id_producto, nombre, id_categoria, codigo_barras, precio_venta, cantidad_stock, estado) VALUES (33, 'Cerveza', 6, '3432 G67 21', 2100.00, 800, true);
INSERT INTO public.productos (id_producto, nombre, id_categoria, codigo_barras, precio_venta, cantidad_stock, estado) VALUES (34, 'Tequila', 6, '9529 E45 98', 65000.00, 764, true);
INSERT INTO public.productos (id_producto, nombre, id_categoria, codigo_barras, precio_venta, cantidad_stock, estado) VALUES (35, 'Ron', 6, '1947 R07 53', 55000.00, 240, true);
INSERT INTO public.productos (id_producto, nombre, id_categoria, codigo_barras, precio_venta, cantidad_stock, estado) VALUES (36, 'Aguardiente Antioqueño', 6, '3160 A54 94', 40000.00, 480, true);
INSERT INTO public.productos (id_producto, nombre, id_categoria, codigo_barras, precio_venta, cantidad_stock, estado) VALUES (37, 'Vino', 6, '7891 W46 95', 82000.00, 560, true);
INSERT INTO public.productos (id_producto, nombre, id_categoria, codigo_barras, precio_venta, cantidad_stock, estado) VALUES (38, 'Crema dental', 7, '6310 C99 73', 7500.00, 200, true);
INSERT INTO public.productos (id_producto, nombre, id_categoria, codigo_barras, precio_venta, cantidad_stock, estado) VALUES (39, 'Jabón de manos', 7, '9371 J14 75', 4900.00, 90, true);
INSERT INTO public.productos (id_producto, nombre, id_categoria, codigo_barras, precio_venta, cantidad_stock, estado) VALUES (40, 'Enjuague bucal', 7, '1942 T68 01', 12000.00, 105, true);
INSERT INTO public.productos (id_producto, nombre, id_categoria, codigo_barras, precio_venta, cantidad_stock, estado) VALUES (41, 'Shampoo', 7, '6789 W01 23', 9300.00, 200, true);
INSERT INTO public.productos (id_producto, nombre, id_categoria, codigo_barras, precio_venta, cantidad_stock, estado) VALUES (42, 'Desodorante', 7, '7333 S21 36', 6900.00, 85, true);
INSERT INTO public.productos (id_producto, nombre, id_categoria, codigo_barras, precio_venta, cantidad_stock, estado) VALUES (43, 'Arroz', 8, '4676 I83 00', 3500.00, 600, true);
INSERT INTO public.productos (id_producto, nombre, id_categoria, codigo_barras, precio_venta, cantidad_stock, estado) VALUES (44, 'Lentejas', 8, '7333 S21 36', 3000.00, 560, true);
INSERT INTO public.productos (id_producto, nombre, id_categoria, codigo_barras, precio_venta, cantidad_stock, estado) VALUES (45, 'Harina', 8, '7333 S21 36', 1800.00, 300, true);
INSERT INTO public.productos (id_producto, nombre, id_categoria, codigo_barras, precio_venta, cantidad_stock, estado) VALUES (46, 'Sal', 8, '7333 S21 36', 1400.00, 500, true);
INSERT INTO public.productos (id_producto, nombre, id_categoria, codigo_barras, precio_venta, cantidad_stock, estado) VALUES (47, 'Aceite', 8, '7333 S21 36', 6500.00, 135, true);
INSERT INTO public.productos (id_producto, nombre, id_categoria, codigo_barras, precio_venta, cantidad_stock, estado) VALUES (48, 'Cereal', 8, '4673 K53 98', 7000.00, 75, true);
INSERT INTO public.productos (id_producto, nombre, id_categoria, codigo_barras, precio_venta, cantidad_stock, estado) VALUES (49, 'Frijol', 8, '2745 F40 45', 8200.00, 270, true);
INSERT INTO public.productos (id_producto, nombre, id_categoria, codigo_barras, precio_venta, cantidad_stock, estado) VALUES (50, 'Café', 8, '6351 R33 92', 7200.00, 400, true);


--
-- TOC entry 4389 (class 0 OID 16643)
-- Dependencies: 226
-- Data for Name: servicio; Type: TABLE DATA; Schema: public; Owner: ebroot
--



--
-- TOC entry 4400 (class 0 OID 16696)
-- Dependencies: 237
-- Data for Name: usuario; Type: TABLE DATA; Schema: public; Owner: ebroot
--



--
-- TOC entry 4411 (class 0 OID 0)
-- Dependencies: 227
-- Name: caracteristica_id_caracteristica_seq; Type: SEQUENCE SET; Schema: public; Owner: ebroot
--

SELECT pg_catalog.setval('public.caracteristica_id_caracteristica_seq', 1, false);


--
-- TOC entry 4412 (class 0 OID 0)
-- Dependencies: 231
-- Name: catalogo_id_catalogo_seq; Type: SEQUENCE SET; Schema: public; Owner: ebroot
--

SELECT pg_catalog.setval('public.catalogo_id_catalogo_seq', 1, false);


--
-- TOC entry 4413 (class 0 OID 0)
-- Dependencies: 215
-- Name: categorias_id_categoria_seq; Type: SEQUENCE SET; Schema: public; Owner: ebroot
--

SELECT pg_catalog.setval('public.categorias_id_categoria_seq', 8, true);


--
-- TOC entry 4414 (class 0 OID 0)
-- Dependencies: 229
-- Name: componente_id_componente_seq; Type: SEQUENCE SET; Schema: public; Owner: ebroot
--

SELECT pg_catalog.setval('public.componente_id_componente_seq', 1, false);


--
-- TOC entry 4415 (class 0 OID 0)
-- Dependencies: 220
-- Name: compras_id_compra_seq; Type: SEQUENCE SET; Schema: public; Owner: ebroot
--

SELECT pg_catalog.setval('public.compras_id_compra_seq', 1, true);


--
-- TOC entry 4416 (class 0 OID 0)
-- Dependencies: 223
-- Name: cotizacion_id_cotizacion_seq; Type: SEQUENCE SET; Schema: public; Owner: ebroot
--

SELECT pg_catalog.setval('public.cotizacion_id_cotizacion_seq', 1, false);


--
-- TOC entry 4417 (class 0 OID 0)
-- Dependencies: 233
-- Name: empresa_id_empresa_seq; Type: SEQUENCE SET; Schema: public; Owner: ebroot
--

SELECT pg_catalog.setval('public.empresa_id_empresa_seq', 1, false);


--
-- TOC entry 4418 (class 0 OID 0)
-- Dependencies: 217
-- Name: productos_id_producto_seq; Type: SEQUENCE SET; Schema: public; Owner: ebroot
--

SELECT pg_catalog.setval('public.productos_id_producto_seq', 50, true);


--
-- TOC entry 4419 (class 0 OID 0)
-- Dependencies: 225
-- Name: servicio_id_cotizacion_seq; Type: SEQUENCE SET; Schema: public; Owner: ebroot
--

SELECT pg_catalog.setval('public.servicio_id_cotizacion_seq', 1, false);


--
-- TOC entry 4420 (class 0 OID 0)
-- Dependencies: 235
-- Name: servicio_id_servicio_seq; Type: SEQUENCE SET; Schema: public; Owner: ebroot
--

SELECT pg_catalog.setval('public.servicio_id_servicio_seq', 1, false);


--
-- TOC entry 4421 (class 0 OID 0)
-- Dependencies: 236
-- Name: usuario_id_usuario_seq; Type: SEQUENCE SET; Schema: public; Owner: ebroot
--

SELECT pg_catalog.setval('public.usuario_id_usuario_seq', 1, false);


--
-- TOC entry 4215 (class 2606 OID 16658)
-- Name: caracteristica caracteristica_pkey; Type: CONSTRAINT; Schema: public; Owner: ebroot
--

ALTER TABLE ONLY public.caracteristica
    ADD CONSTRAINT caracteristica_pkey PRIMARY KEY (id_caracteristica);


--
-- TOC entry 4219 (class 2606 OID 16670)
-- Name: catalogo catalogo_pkey; Type: CONSTRAINT; Schema: public; Owner: ebroot
--

ALTER TABLE ONLY public.catalogo
    ADD CONSTRAINT catalogo_pkey PRIMARY KEY (id_catalogo);


--
-- TOC entry 4199 (class 2606 OID 16552)
-- Name: categorias categorias_pkey; Type: CONSTRAINT; Schema: public; Owner: ebroot
--

ALTER TABLE ONLY public.categorias
    ADD CONSTRAINT categorias_pkey PRIMARY KEY (id_categoria);


--
-- TOC entry 4203 (class 2606 OID 16600)
-- Name: clientes clientes_pkey; Type: CONSTRAINT; Schema: public; Owner: ebroot
--

ALTER TABLE ONLY public.clientes
    ADD CONSTRAINT clientes_pkey PRIMARY KEY (id);


--
-- TOC entry 4217 (class 2606 OID 16664)
-- Name: componente componente_pkey; Type: CONSTRAINT; Schema: public; Owner: ebroot
--

ALTER TABLE ONLY public.componente
    ADD CONSTRAINT componente_pkey PRIMARY KEY (id_componente);


--
-- TOC entry 4205 (class 2606 OID 16578)
-- Name: compras compras_pkey; Type: CONSTRAINT; Schema: public; Owner: ebroot
--

ALTER TABLE ONLY public.compras
    ADD CONSTRAINT compras_pkey PRIMARY KEY (id_compra);


--
-- TOC entry 4207 (class 2606 OID 16588)
-- Name: compras_productos compras_productos_pkey; Type: CONSTRAINT; Schema: public; Owner: ebroot
--

ALTER TABLE ONLY public.compras_productos
    ADD CONSTRAINT compras_productos_pkey PRIMARY KEY (id_compra, id_producto);


--
-- TOC entry 4209 (class 2606 OID 16641)
-- Name: cotizacion cotizacion_pkey; Type: CONSTRAINT; Schema: public; Owner: ebroot
--

ALTER TABLE ONLY public.cotizacion
    ADD CONSTRAINT cotizacion_pkey PRIMARY KEY (id_cotizacion);


--
-- TOC entry 4221 (class 2606 OID 16688)
-- Name: empresa empresa_pkey; Type: CONSTRAINT; Schema: public; Owner: ebroot
--

ALTER TABLE ONLY public.empresa
    ADD CONSTRAINT empresa_pkey PRIMARY KEY (id_empresa);


--
-- TOC entry 4201 (class 2606 OID 16559)
-- Name: productos productos_pkey; Type: CONSTRAINT; Schema: public; Owner: ebroot
--

ALTER TABLE ONLY public.productos
    ADD CONSTRAINT productos_pkey PRIMARY KEY (id_producto);


--
-- TOC entry 4211 (class 2606 OID 16647)
-- Name: servicio servicio_pkey; Type: CONSTRAINT; Schema: public; Owner: ebroot
--

ALTER TABLE ONLY public.servicio
    ADD CONSTRAINT servicio_pkey PRIMARY KEY (id_cotizacion);


--
-- TOC entry 4213 (class 2606 OID 16649)
-- Name: servicio ukngllnswut8q6wwg87y95egn41; Type: CONSTRAINT; Schema: public; Owner: ebroot
--

ALTER TABLE ONLY public.servicio
    ADD CONSTRAINT ukngllnswut8q6wwg87y95egn41 UNIQUE (nombre_servicio);


--
-- TOC entry 4223 (class 2606 OID 16700)
-- Name: usuario usuario_pkey; Type: CONSTRAINT; Schema: public; Owner: ebroot
--

ALTER TABLE ONLY public.usuario
    ADD CONSTRAINT usuario_pkey PRIMARY KEY (id_usuario);


--
-- TOC entry 4231 (class 2606 OID 16701)
-- Name: caracteristica fk5hu3t0tnc189mmlr57a884i67; Type: FK CONSTRAINT; Schema: public; Owner: ebroot
--

ALTER TABLE ONLY public.caracteristica
    ADD CONSTRAINT fk5hu3t0tnc189mmlr57a884i67 FOREIGN KEY (id_servicio) REFERENCES public.servicio(id_cotizacion);


--
-- TOC entry 4228 (class 2606 OID 16721)
-- Name: cotizacion fk7by71wxbwo5d45mjoci09sbae; Type: FK CONSTRAINT; Schema: public; Owner: ebroot
--

ALTER TABLE ONLY public.cotizacion
    ADD CONSTRAINT fk7by71wxbwo5d45mjoci09sbae FOREIGN KEY (id_servicio) REFERENCES public.servicio(id_cotizacion);


--
-- TOC entry 4225 (class 2606 OID 16620)
-- Name: compras fk_COMPRAS_CLIENTES1; Type: FK CONSTRAINT; Schema: public; Owner: ebroot
--

ALTER TABLE ONLY public.compras
    ADD CONSTRAINT "fk_COMPRAS_CLIENTES1" FOREIGN KEY (id_cliente) REFERENCES public.clientes(id);


--
-- TOC entry 4226 (class 2606 OID 16594)
-- Name: compras_productos fk_COMPRAS_PRODUCTOS_COMPRAS1; Type: FK CONSTRAINT; Schema: public; Owner: ebroot
--

ALTER TABLE ONLY public.compras_productos
    ADD CONSTRAINT "fk_COMPRAS_PRODUCTOS_COMPRAS1" FOREIGN KEY (id_compra) REFERENCES public.compras(id_compra);


--
-- TOC entry 4227 (class 2606 OID 16589)
-- Name: compras_productos fk_COMPRAS_PRODUCTOS_PRODUCTOS1; Type: FK CONSTRAINT; Schema: public; Owner: ebroot
--

ALTER TABLE ONLY public.compras_productos
    ADD CONSTRAINT "fk_COMPRAS_PRODUCTOS_PRODUCTOS1" FOREIGN KEY (id_producto) REFERENCES public.productos(id_producto);


--
-- TOC entry 4224 (class 2606 OID 16560)
-- Name: productos fk_PRODUCTOS_CATEGORIAS; Type: FK CONSTRAINT; Schema: public; Owner: ebroot
--

ALTER TABLE ONLY public.productos
    ADD CONSTRAINT "fk_PRODUCTOS_CATEGORIAS" FOREIGN KEY (id_categoria) REFERENCES public.categorias(id_categoria);


--
-- TOC entry 4233 (class 2606 OID 16706)
-- Name: catalogo fkchuefnfks1c672hcaciqy467f; Type: FK CONSTRAINT; Schema: public; Owner: ebroot
--

ALTER TABLE ONLY public.catalogo
    ADD CONSTRAINT fkchuefnfks1c672hcaciqy467f FOREIGN KEY (id_empresa) REFERENCES public.empresa(id_empresa);


--
-- TOC entry 4234 (class 2606 OID 16731)
-- Name: usuario fki6afn0oum3c6ejol9ahlluox2; Type: FK CONSTRAINT; Schema: public; Owner: ebroot
--

ALTER TABLE ONLY public.usuario
    ADD CONSTRAINT fki6afn0oum3c6ejol9ahlluox2 FOREIGN KEY (id_empresa) REFERENCES public.empresa(id_empresa);


--
-- TOC entry 4230 (class 2606 OID 16726)
-- Name: servicio fkk4xef806e4qkeblxpndoafeh5; Type: FK CONSTRAINT; Schema: public; Owner: ebroot
--

ALTER TABLE ONLY public.servicio
    ADD CONSTRAINT fkk4xef806e4qkeblxpndoafeh5 FOREIGN KEY (id_empresa) REFERENCES public.empresa(id_empresa);


--
-- TOC entry 4229 (class 2606 OID 16716)
-- Name: cotizacion fkqk3wudcr10p3oyxeq76kdvh1t; Type: FK CONSTRAINT; Schema: public; Owner: ebroot
--

ALTER TABLE ONLY public.cotizacion
    ADD CONSTRAINT fkqk3wudcr10p3oyxeq76kdvh1t FOREIGN KEY (id_catalogo) REFERENCES public.catalogo(id_catalogo);


--
-- TOC entry 4232 (class 2606 OID 16711)
-- Name: componente fktgb2683e5p3wmpf6o44b3efcj; Type: FK CONSTRAINT; Schema: public; Owner: ebroot
--

ALTER TABLE ONLY public.componente
    ADD CONSTRAINT fktgb2683e5p3wmpf6o44b3efcj FOREIGN KEY (id_servicio) REFERENCES public.servicio(id_cotizacion);


-- Completed on 2024-09-07 23:44:10

--
-- PostgreSQL database dump complete
--

